{"_default": {"1": {"timestamp": 1541695750.051772, "temperature": 32.44}, "2": {"timestamp": 1541695765.070053, "temperature": 32.45}, "3": {"timestamp": 1541695780.088227, "temperature": 32.4}, "4": {"timestamp": 1541695795.104841, "temperature": 32.45}, "5": {"timestamp": 1541695810.11836, "temperature": 32.4}, "6": {"timestamp": 1541695825.127311, "temperature": 32.36}, "7": {"timestamp": 1541695840.144716, "temperature": 32.44}, "8": {"timestamp": 1541695855.162092, "temperature": 32.51}, "9": {"timestamp": 1541695870.178505, "temperature": 32.49}}}